{"cameraMode":{"drawMode":0,"name":"Shaded","section":"Shading Mode"},"sceneLighting":true,"audioPlay":false,"sceneViewState":{"m_AlwaysRefresh":false,"showFog":true,"showSkybox":true,"showFlares":true,"showImageEffects":true,"showParticleSystems":true,"showVisualEffectGraphs":true,"m_FxEnabled":true},"in2DMode":false,"pivot":{"x":13.110881805419922,"y":1.3129849433898926,"z":3.709806442260742},"rotation":{"x":-0.17553488910198213,"y":-0.6210028529167175,"z":0.14519397914409638,"w":-0.7500431537628174},"size":12.301090240478516,"orthographic":false}